policy,cold_events,total_invocations,active_app_minutes,cold_ratio_per_1k,cold_minute_ratio,mean_latency_s,p50_latency_s,p95_latency_s,p99_latency_s,p999_latency_s,slo_violation_rate,mean_prewarm_mem_gb,p95_prewarm_mem_gb,max_prewarm_mem_gb,gb_hours,mean_exec_mem_gb,mean_total_mem_gb,exec_gb_hours,apps_with_cold,apps_with_cold_share,cold_slo_events,cold_slo_per_1k,mean_cold_added_ms,cold_per_app_day,prewarm_attempts,prewarm_per_1k,wasted_prewarms,wasted_prewarm_rate,retained_container_minutes,total_inits,total_inits_per_1k,budget_utilization,cand_k_mean,cand_k_p95,cand_k_max,knapsack_gap_mean,brier_score,cal_pred_frac,budget_gb,seed,full_warm_gb,n_apps,cal_bin0_count,cal_bin0_hit,cal_bin1_count,cal_bin1_hit,cal_bin2_count,cal_bin2_hit,cal_bin3_count,cal_bin3_hit,cal_bin4_count,cal_bin4_hit,cal_bin5_count,cal_bin5_hit,cal_bin6_count,cal_bin6_hit,cal_bin7_count,cal_bin7_hit,cal_bin8_count,cal_bin8_hit,cal_bin9_count,cal_bin9_hit
Scale-to-zero,90613408,12495810846.0,90613408,7.251502852974604,1.0,0.8380166614480816,0.2216347665069394,3.1386143822518155,36.38836624469137,57.07322071880443,0.2345627892007918,0.0,0.0,0.0,0.0,720.3181693788558,720.3181693788558,242026.90491129557,24274,1.0,67879273.0,5.43216233316533,0.0088913738747233,266.6386374604221,0,0.0,0,0.0,0,90613408,7.251502852974604,,0.0,0.0,0.0,,,,-1,0,3831.793,24274,,,,,,,,,,,,,,,,,,,,
TTL-1m,28408559,12495810846.0,90613408,2.2734466254419803,0.3135138565806949,0.8380104943806335,0.2216347665069394,3.1386143822518155,36.38836624469137,57.07322071880443,0.2323135824400642,720.2892229837084,1069.167706298828,1450.2216796875,242017.17892252604,212.1742453858966,932.463468369605,71290.54644966125,24274,1.0,21421427.0,1.7142886735403131,0.002724306426595,83.5949075436387,0,0.0,0,0.0,90609887,28408559,2.2734466254419803,,0.0,0.0,0.0,,,,-1,0,3831.79296875,24274,,,,,,,,,,,,,,,,,,,,
TTL-5m,4049058,12495810846.0,90613408,0.3240332340094707,0.0446849764220323,0.838008173883246,0.2216347665069394,2.985513856491193,36.38836624469137,57.07322071880443,0.2315178680573102,1297.6705992078023,1517.0682128906249,1653.083740234375,436017.3213338216,32.68018385907487,1330.3507830668773,10980.541776649156,24274,1.0,3575146.0,0.2861075638916566,0.0004038090389498,11.9147412281218,0,0.0,0,0.0,167840753,4049058,0.3240332340094707,,0.0,0.0,0.0,,,,-1,0,3831.79296875,24274,,,,,,,,,,,,,,,,,,,,
TTL-20m,1009201,12495810846.0,90613408,0.0807631463406036,0.0111374356430783,0.83800787128188,0.2216347665069394,2.985513856491193,36.38836624469137,57.07322071880443,0.2314371861988728,1552.8695860847597,1723.9231567382812,1801.6561279296875,521764.1809244791,7.727112807596605,1560.596698892356,2596.309903352459,24274,1.0,915260.0,0.0732453468830301,0.0001012076730766,2.9696706646735485,0,0.0,0,0.0,200186826,1009201,0.0807631463406036,,0.0,0.0,0.0,,,,-1,0,3831.79296875,24274,,,,,,,,,,,,,,,,,,,,
TTL-60m,271740,12495810846.0,90613408,0.0217464879509588,0.0029988939385217,0.8380077972670078,0.2216347665069394,2.985513856491193,36.38836624469137,57.07322071880443,0.231422435265742,1761.229388881865,1883.2857116699215,1934.23486328125,591773.0746643066,2.1131601246328846,1763.3425490064978,710.0218018766493,24274,1.0,241307.0,0.0193110317508722,2.7192800979865665e-05,0.7996209936557633,0,0.0,0,0.0,227187837,271740,0.0217464879509588,,0.0,0.0,0.0,,,,-1,0,3831.79296875,24274,,,,,,,,,,,,,,,,,,,,
Historic-TTL,6464984,12495810846.0,90613408,0.5173721081148959,0.0713468805852661,0.8380084076224774,0.2216347665069394,2.985513856491193,36.38836624469137,57.07322071880443,0.2316106470871055,1476.1833256978837,1562.2218994140626,1667.09130859375,495997.59743448894,54.34929751394287,1530.5326232118266,18261.36396468481,24274,1.0,5230183.0,0.4185549112784641,0.0006375482705493,19.02383502630681,0,0.0,0,0.0,191644340,6464984,0.5173721081148959,,0.0,0.0,0.0,,,,-1,0,3831.79296875,24274,,,,,,,,,,,,,,,,,,,,
Planner-LRU,84988361,12495810846.0,90613408,6.801348231611988,0.9379225754316624,0.8380161030476057,0.2216347665069394,3.1386143822518155,36.38836624469137,57.07322071880443,0.2343581902409,63.89315435224109,63.99179515838623,64.0,21468.099862353007,673.698952895876,737.5921072481171,226362.84817301432,24274,1.0,63670831.0,5.0953741045449235,0.0083329733986685,250.08639755646843,6997085,0.5599544588368843,2226075,0.3181431982032517,925023,91985446,7.361302690448872,0.998330536753767,11913.265439753955,12790.0,13109.0,,,,64,0,3831.79296875,24274,,,,,,,,,,,,,,,,,,,,
Planner-Popularity,84411428,12495810846.0,90613408,6.755178118514872,0.9315556037799616,0.8380160063664708,0.2216347665069394,3.1386143822518155,36.38836624469137,57.07322071880443,0.2342920713278738,63.901794934272765,63.99119606018066,64.0,21471.00309791565,667.1623791225372,731.06417405681,224166.55938517253,24274,1.0,63349607.0,5.06966756945418,0.0082362922640432,248.3887169105098,172791,0.0138279141809602,24391,0.1411589724001828,7310953,84584219,6.769006032695831,0.998465545848012,11913.265439753955,12790.0,13109.0,,,,64,0,3831.79296875,24274,,,,,,,,,,,,,,,,,,,,
BALM-JIT (hazard),81016070,12495810846.0,90613408,6.483458416460732,0.8940847915134149,0.8380146376339814,0.2216347665069394,3.1386143822518155,36.38836624469137,57.07322071880443,0.2339681364316793,63.92593017759777,63.99343147277832,63.99998092651367,21479.112539672853,658.6708808036078,722.5968109812056,221313.41595001225,24274,1.0,58281970.0,4.6641206975901435,0.0068675597744821,238.39755058322248,3642728,0.2915159364120868,159940,0.043906654573166,6302201,84658798,6.774974352872819,0.9988426590249652,11913.265439753955,12790.0,13109.0,0.0007863341557365,0.0419508737234939,0.376537039851987,64,0,3831.79296875,24274,126333158.0,1339640.0,10729434.0,1501642.0,5847803.0,1401955.0,3987502.0,1380652.0,3566325.0,1616925.0,3070959.0,1670869.0,4001094.0,2632111.0,8181063.0,6148281.0,7298982.0,6164452.0,67143198.0,66572427.0
Oracle knapsack,80743841,12495810846.0,90613408,6.4616727953950015,0.8910805010225419,0.8380145140561543,0.2216347665069394,3.1386143822518155,36.38836624469137,57.07322071880443,0.2339717680544683,63.928984627837224,63.993580436706544,63.99999237060547,21480.138834953308,656.3891852363707,720.3181698642079,220546.76623942057,22812,0.9397709483397876,58009706.0,4.642332275585728,0.0067439819474488,237.5964906602008,3909721,0.3128825370505292,0,0.0,5959846,84653562,6.774555332445531,0.9988903848099566,4494.712698412698,6832.0,9355.0,0.0007989379706812,,,64,0,3831.79296875,24274,,,,,,,,,,,,,,,,,,,,
Planner-LRU,79245259,12495810846.0,90613408,6.341746044064598,0.874542308352424,0.8380155357834017,0.2216347665069394,3.1386143822518155,36.38836624469137,57.07322071880443,0.2341497389267222,127.89084393145546,127.99208068847656,127.99996948242188,42971.32356096904,626.7145072679671,754.6053511994226,210576.07444203697,24274,1.0,59385519.0,4.752434214303887,0.0077657091948459,233.18676950058264,12741401,1.0196537989432366,4338900,0.340535550211472,3199742,91986660,7.361399843007835,0.9991472182144958,11913.265439753955,12790.0,13109.0,,,,128,0,3831.79296875,24274,,,,,,,,,,,,,,,,,,,,
Planner-Popularity,78436753,12495810846.0,90613408,6.277043880278339,0.8656197215317186,0.8380153994762185,0.2216347665069394,3.1386143822518155,36.38836624469137,57.07322071880443,0.2340493626623169,127.90445321363116,127.99229431152344,128.00006103515625,42975.89627978007,620.1594758608985,748.0639290745297,208373.58388926188,24274,1.0,59188087.0,4.736634359261811,0.007629402011501,230.8076631080874,291293,0.0233112523540835,41485,0.142416741905916,15324900,78728046,6.300355132632423,0.9992535407314934,11913.265439753955,12790.0,13109.0,,,,128,0,3831.79296875,24274,,,,,,,,,,,,,,,,,,,,
BALM-JIT (hazard),72014655,12495810846.0,90613408,5.763103802347682,0.7947461263127858,0.8380133994076835,0.2216347665069394,3.1386143822518155,36.38836624469137,57.07322071880443,0.2334278545218791,127.9188957990162,127.9926685333252,128.0,42980.74898846944,598.1054529916672,726.0243487906835,200963.4322052002,24274,1.0,49301339.0,3.9454293608951128,0.005629333476588,211.9100242469897,7036196,0.5630843877772316,343223,0.048779624672195,12406450,79050851,6.326188190124913,0.999366373429814,11913.265439753955,12790.0,13109.0,0.0003860838792753,0.0419508737234939,0.376537039851987,128,0,3831.79296875,24274,126333158.0,1339640.0,10729434.0,1501642.0,5847803.0,1401955.0,3987502.0,1380652.0,3566325.0,1616925.0,3070959.0,1670869.0,4001094.0,2632111.0,8181063.0,6148281.0,7298982.0,6164452.0,67143198.0,66572427.0
Oracle knapsack,71315463,12495810846.0,90613408,5.707149690316303,0.7870299172502153,0.8380131856312196,0.2216347665069394,3.1386143822518155,36.38836624469137,57.07322071880443,0.2334171580964975,127.92634082824463,127.99335479736328,127.99998474121094,42983.2505182902,592.3918287579976,720.3181695862422,199043.6544626872,21390,0.8811897503501689,48582129.0,3.887873271989508,0.0054155570126681,209.85258477618615,7657330,0.6127917663263258,0,0.0,11640615,78972793,6.319941456642629,0.9994245377206612,4494.712698412698,6832.0,9355.0,0.0003850354183852,,,128,0,3831.79296875,24274,,,,,,,,,,,,,,,,,,,,
Planner-LRU,67812193,12495810846.0,90613408,5.426794134108326,0.748368199549453,0.838014403929,0.2216347665069394,3.1386143822518155,36.38836624469137,57.07322071880443,0.2337291558401325,255.87701675626963,255.99182205200196,256.0001525878906,85974.67763010661,532.944399632348,788.8214163886176,179069.31827646893,24274,1.0,50828008.0,4.0676038255068825,0.006633854793034,199.54387704657543,19656872,1.5730769489274326,8251487,0.4197761983697101,12299560,87469065,6.9998710830357584,0.9995195967041784,11913.265439753955,12790.0,13109.0,,,,256,0,3831.79296875,24274,,,,,,,,,,,,,,,,,,,,
Planner-Popularity,67909650,12495810846.0,90613408,5.434593307863521,0.7494437247079373,0.8380143676422012,0.2216347665069394,3.1386143822518155,36.38836624469137,57.07322071880443,0.2336539280022113,255.90037860643295,255.9927215576172,256.000244140625,85982.52721176148,536.8959523170713,792.7963309235042,180397.03997853596,24274,1.0,51449268.0,4.117321287435243,0.0065975679941666,199.8306536093881,549767,0.0439961045165776,106639,0.1939712641901023,31519451,68459417,5.4785894123800984,0.9996108539313788,11913.265439753955,12790.0,13109.0,,,,256,0,3831.79296875,24274,,,,,,,,,,,,,,,,,,,,
BALM-JIT (hazard),55508370,12495810846.0,90613408,4.4421583108205125,0.6125845084647958,0.8380116052633368,0.2216347665069394,3.1386143822518155,36.38836624469137,57.07322071880443,0.2326238332630905,255.9058422323257,255.99237060546875,256.0,85984.36299006145,478.98156583119953,734.8874080635253,160937.80611928305,24274,1.0,34588415.0,2.768000846545465,0.0038351891298932,163.33869866641558,12734187,1.019076485466832,763701,0.0599724976553273,24423920,68242557,5.461234796287345,0.9996321962200224,11913.265439753955,12790.0,13109.0,0.0001885164670372,0.0419508737234939,0.376537039851987,256,0,3831.79296875,24274,126333158.0,1339640.0,10729434.0,1501642.0,5847803.0,1401955.0,3987502.0,1380652.0,3566325.0,1616925.0,3070959.0,1670869.0,4001094.0,2632111.0,8181063.0,6148281.0,7298982.0,6164452.0,67143198.0,66572427.0
Oracle knapsack,53623467,12495810846.0,90613408,4.291315518525575,0.5917829180423276,0.838011252648861,0.2216347665069394,3.1386143822518155,36.38836624469137,57.07322071880443,0.2325294359986599,255.9178495573619,255.99267578125,256.0,85988.3974512736,464.40031905552695,720.3181686128888,156038.50720265706,18565,0.764810084864464,32210479.0,2.5777021913156446,0.0034825746540851,157.7921909391589,14385922,1.1512595842954072,0,0.0,22604019,68009389,5.442575102820983,0.9996790998334448,4494.712698412698,6832.0,9355.0,0.0001914735839966,,,256,0,3831.79296875,24274,,,,,,,,,,,,,,,,,,,,
BALM-JIT (PMF),55313718,12495810846.0,90613408,4.4265809303368515,0.6104363495521545,0.8380117027823263,0.2216347665069394,3.1386143822518155,36.38836624469137,57.07322071880443,0.2326281869131956,255.905378779154,255.99234008789065,256.0,85984.20726979573,477.5337984191047,733.4391771982587,160451.35626881916,24274,1.0,34875073.0,2.790941174590824,0.0039327081194807,162.76591650090043,12585577,1.0071836998099837,893599,0.0710018301107688,24536801,67899295,5.433764630146834,0.9996303858560702,11913.265439753955,12790.0,13109.0,0.0001855202427367,0.0557390150168552,0.376537039851987,256,0,3831.79296875,24274,136149314.0,3838096.0,9654214.0,3032688.0,5211240.0,2560070.0,2831853.0,1450664.0,2980395.0,1744584.0,3015445.0,1945209.0,4693028.0,3406491.0,8155155.0,6334535.0,6933676.0,6043329.0,60535198.0,60073288.0
Planner-LRU,44846312,12495810846.0,90613408,3.5889077189701246,0.4949191625151103,0.8380121314145637,0.2216347665069394,3.1386143822518155,36.38836624469137,57.07322071880443,0.2329047443684211,511.852914454445,511.9923706054687,512.0007934570312,171982.5792566935,345.396739211915,857.24965366636,116053.30437520346,24274,1.0,33686521.0,2.695825138132857,0.0043613403567859,131.96457114608222,28142327,2.252140925213234,15613776,0.5548146747068926,35899079,72988639,5.841048644183358,0.999712723543838,11913.265439753955,12790.0,13109.0,,,,512,0,3831.79296875,24274,,,,,,,,,,,,,,,,,,,,
Planner-Popularity,50872793,12495810846.0,90613408,4.071187826621491,0.5614267703075465,0.8380127191764127,0.2216347665069394,3.1386143822518155,36.38836624469137,57.07322071880443,0.2330838607475558,511.8917591897268,511.99310302734375,512.0009765625,171995.63108774822,405.13579967665294,917.0275588663798,136125.62869135538,24274,1.0,38501313.0,3.0811376288017795,0.0049491022058717,149.69806906860956,1042913,0.0834610104820724,374708,0.3592897969437527,65410391,51915706,4.154648837103564,0.9997885921674352,11913.265439753955,12790.0,13109.0,,,,512,0,3831.79296875,24274,,,,,,,,,,,,,,,,,,,,
BALM-JIT (hazard),27009921,12495810846.0,90613408,2.1615180745670517,0.2980786353383817,0.8380093725159952,0.2216347665069394,2.985513856491193,36.38836624469137,57.07322071880443,0.2318432851000845,511.8759597884284,511.99160919189455,512.0,171990.32248891194,255.05241579214731,766.9283755805757,85697.6117061615,24274,1.0,15843310.0,1.2678897108202911,0.0016024417882592,79.47928118268813,21138089,1.6916140345359385,2158002,0.102090685681189,48749920,48148010,3.85313210910299,0.9997577339617744,11913.265439753955,12790.0,13109.0,8.285523755994331e-05,0.0419508737234939,0.376537039851987,512,0,3831.79296875,24274,126333158.0,1339640.0,10729434.0,1501642.0,5847803.0,1401955.0,3987502.0,1380652.0,3566325.0,1616925.0,3070959.0,1670869.0,4001094.0,2632111.0,8181063.0,6148281.0,7298982.0,6164452.0,67143198.0,66572427.0
Oracle knapsack,21411382,12495810846.0,90613408,1.713484804137695,0.2362937502582399,0.8380088522566581,0.2216347665069394,2.985513856491193,36.38836624469137,57.07322071880443,0.2316824490686242,511.8935942362225,511.9910888671875,512.0,171996.24766337077,208.42457655483767,720.3181707910602,70030.65772242546,13332,0.5492296284089973,11164966.0,0.8934967196285615,0.0010821824511828,63.00504360927035,25659399,2.053440094142731,0,0.0,43542627,47070781,3.766924898280427,0.999792176242622,4494.712698412698,6832.0,9355.0,8.321238215856754e-05,,,512,0,3831.79296875,24274,,,,,,,,,,,,,,,,,,,,
Planner-LRU,27087912,12495810846.0,90613408,2.167759446252425,0.2989393357768863,0.8380103862720125,0.2216347665069394,3.1386143822518155,36.38836624469137,57.07322071880443,0.232283906576387,767.8218851755536,767.9924926757812,768.001708984375,257988.153418986,202.96598892013233,970.787874095686,68196.57227716447,24274,1.0,20456081.0,1.6370351033721144,0.0026161978055785,79.70877717487258,24352393,1.94884456079898,18536978,0.7611973903344941,73107572,51440305,4.116604007051404,0.9997680796556688,11913.265439753955,12790.0,13109.0,,,,768,0,3831.793,24274,,,,,,,,,,,,,,,,,,,,
Planner-Popularity,37793544,12495810846.0,90613408,3.024497126738918,0.4170855597882379,0.8380114455932373,0.2216347665069394,3.1386143822518155,36.38836624469137,57.07322071880443,0.2326555080464093,767.8885998619927,767.9935302734375,768.0010375976562,258010.56955362955,310.1874823411306,1078.0760822031234,104222.99406661988,24274,1.0,28585513.0,2.287607691272826,0.0036755190303028,111.21112536635316,1396352,0.1117456095653834,654778,0.4689204441287011,102114532,39189896,3.136242736304301,0.9998549477369696,11913.265439753955,12790.0,13109.0,,,,768,0,3831.793,24274,,,,,,,,,,,,,,,,,,,,
BALM-JIT (hazard),8945381,12495810846.0,90613408,0.7158703913050574,0.0987202798950018,0.8380082961814889,0.2216347665069394,2.985513856491193,36.38836624469137,57.07322071880443,0.2315493589304869,767.8507395941114,767.9912109375,768.0,257997.8485036214,88.93809331559709,856.7888329097084,29883.199354040626,24274,1.0,5643653.0,0.4516436003676043,0.0005261072818846,26.322640920914797,24988004,1.9997104876150429,5559387,0.2224822358760627,74314033,33933385,2.7155808789201004,0.9998056505131656,11913.265439753955,12790.0,13109.0,3.205129633911732e-05,0.0419508737234939,0.376537039851987,768,0,3831.793,24274,126333158.0,1339640.0,10729434.0,1501642.0,5847803.0,1401955.0,3987502.0,1380652.0,3566325.0,1616925.0,3070959.0,1670869.0,4001094.0,2632111.0,8181063.0,6148281.0,7298982.0,6164452.0,67143198.0,66572427.0
Oracle knapsack,5052701,12495810846.0,90613408,0.4043515912868836,0.0557610745641528,0.838008001317774,0.2216347665069394,2.985513856491193,36.38836624469137,57.07322071880443,0.2314657789278778,669.9240995770409,767.9589233398438,768.0,225094.49745788577,50.39407003288941,720.3181696099304,16932.40753105084,8490,0.3497569415835874,2649986.0,0.2120699514948467,0.0002312435670503,14.868056945114702,28263113,2.2618070446422633,0,0.0,57297594,33315814,2.666158635929147,0.8722970046576053,4494.712698412698,6832.0,9355.0,1.553789584209733e-05,,,768,0,3831.793,24274,,,,,,,,,,,,,,,,,,,,
Planner-LRU,16595771,12495810846.0,90613408,1.3281067715035415,0.18314917589238,0.838009381044736,0.2216347665069394,2.985513856491193,36.38836624469137,57.07322071880443,0.2319311479382045,1023.7515703625148,1023.9915771484376,1024.0009765625,343980.527641805,123.97276123979736,1147.7243316023123,41654.84777657191,24274,1.0,12804786.0,1.024726298901916,0.0016109705290073,48.834646711943414,17827516,1.4266794063793562,15154208,0.8500459626568277,113688247,34423287,2.754786177882898,0.9997573929321436,11913.265439753955,12790.0,13109.0,,,,1024,0,3831.793,24274,,,,,,,,,,,,,,,,,,,,
Planner-Popularity,25227914,12495810846.0,90613408,2.0189097218989707,0.2784125943039246,0.838010282147825,0.2216347665069394,3.1386143822518155,36.38836624469137,57.07322071880443,0.2322198683620559,1023.8830011065044,1023.9938354492188,1024.00146484375,344024.6883717855,229.42029126523033,1253.3032923717346,77085.21786511739,24274,1.0,19796045.0,1.584214521487964,0.0025120736180825,74.23555479701974,1327523,0.1062374436009448,717614,0.5405661521495296,143436899,26555437,2.1251471654999152,0.9998857432680708,11913.265439753955,12790.0,13109.0,,,,1024,0,3831.793,24274,,,,,,,,,,,,,,,,,,,,
BALM-JIT (hazard),2420243,12495810846.0,90613408,0.1936843498855248,0.0267095461192674,0.8380079267466239,0.2216347665069394,2.985513856491193,36.38836624469137,57.07322071880443,0.2314559214481635,1023.847720167372,1023.9918823242188,1023.9999389648438,344012.833976237,23.983493162100277,1047.8312133294723,8058.453702465693,24274,1.0,1689531.0,0.135207792501183,0.000156672417087,7.121796984427783,25170738,2.014334108463024,10181802,0.4045094744540267,104547568,27590981,2.20801845834855,0.9998512892259492,11913.265439753955,12790.0,13109.0,8.510044255294546e-06,0.0419508737234939,0.376537039851987,1024,0,3831.79296875,24274,126333158.0,1339640.0,10729434.0,1501642.0,5847803.0,1401955.0,3987502.0,1380652.0,3566325.0,1616925.0,3070959.0,1670869.0,4001094.0,2632111.0,8181063.0,6148281.0,7298982.0,6164452.0,67143198.0,66572427.0
Oracle knapsack,913368,12495810846.0,90613408,0.0730939361403966,0.0100798327770653,0.8380078071068056,0.2216347665069394,2.985513856491193,36.38836624469137,57.07322071880443,0.2314231907757752,710.3677577730209,1023.8563354492188,1023.999755859375,238683.56661173503,9.950411743043906,720.3181695160648,3343.338345662753,4429,0.1824585976765263,487397.0,0.0390048317797655,3.7032598562543965e-05,2.68767287750562,28291830,2.2641051748199614,0,0.0,61408210,29205198,2.337199110960358,0.6937185134502157,4494.712698412698,6832.0,9355.0,4.9613109182919175e-06,,,1024,0,3831.79296875,24274,,,,,,,,,,,,,,,,,,,,
BALM-JIT (PMF),2827799,12495810846.0,90613408,0.2262997603637061,0.0312072910887536,0.8380079844387931,0.2216347665069394,2.985513856491193,36.38836624469137,57.07322071880443,0.2314754364883494,1023.8511376396058,1023.9920043945312,1024.0,344013.98224690754,26.316504798078583,1050.1676424376844,8842.345612154404,24274,1.0,2138857.0,0.1711659232329579,0.0002143645861287,8.321069574736049,24226611,1.93877862737936,10045737,0.4146571305412878,105487414,27054410,2.1650783877430664,0.9998546266011776,11913.265439753955,12790.0,13109.0,5.325682041707721e-06,0.0557390150168552,0.376537039851987,1024,0,3831.79296875,24274,136149314.0,3838096.0,9654214.0,3032688.0,5211240.0,2560070.0,2831853.0,1450664.0,2980395.0,1744584.0,3015445.0,1945209.0,4693028.0,3406491.0,8155155.0,6334535.0,6933676.0,6043329.0,60535198.0,60073288.0
Planner-LRU,1306979,12495810846.0,90613408,0.1045933726196226,0.0144236821994378,0.8380079005045814,0.2216347665069394,2.985513856491193,36.38836624469137,57.07322071880443,0.2314464849327969,1535.3837173855493,1535.9913391113282,1536.0037841796875,515888.9290415446,10.20055261333473,1545.584269998884,3427.3856780804695,24274,1.0,1161748.0,0.0929709975861137,0.0001304303744477,3.845910968820254,2339892,0.187254114905958,2112432,0.9027903851972656,195677075,3646871,0.2918474875255806,0.9995987743395504,11913.265439753955,12790.0,13109.0,,,,1536,0,3831.79296875,24274,,,,,,,,,,,,,,,,,,,,
Planner-Popularity,5991460,12495810846.0,90613408,0.4794774884030763,0.0661211197353928,0.8380083866737851,0.2216347665069394,2.985513856491193,36.38836624469137,57.07322071880443,0.231580528290687,1535.8094622717963,1535.99169921875,1536.004150390625,516031.9793233236,79.30838714774166,1615.1178494195378,26647.6180816412,24274,1.0,4950329.0,0.3961590857134842,0.0006165995780525,17.63044527360256,502975,0.0402514895750847,320990,0.6381828122670112,211676889,6494435,0.519728977978161,0.9998759519998672,11913.265439753955,12790.0,13109.0,,,,1536,0,3831.79296875,24274,,,,,,,,,,,,,,,,,,,,
BALM-JIT (hazard),331496,12495810846.0,90613408,0.0265285705814052,0.0036583548430272,0.8380078013425704,0.2216347665069394,2.985513856491193,36.38836624469137,57.07322071880443,0.2314241117427869,1535.818204165262,1535.9927978515625,1536.0,516034.916599528,2.6206882364493573,1538.4388924017112,880.551247446984,24274,1.0,287024.0,0.0229696178613233,3.126836341259593e-05,0.97545875069151,8084819,0.6470023513990698,5820506,0.7199302792060033,190348463,8416315,0.673530921980475,0.9998816433367592,11913.265439753955,12790.0,13109.0,6.288869513665953e-08,0.0419508737234939,0.376537039851987,1536,0,3831.79296875,24274,126333158.0,1339640.0,10729434.0,1501642.0,5847803.0,1401955.0,3987502.0,1380652.0,3566325.0,1616925.0,3070959.0,1670869.0,4001094.0,2632111.0,8181063.0,6148281.0,7298982.0,6164452.0,67143198.0,66572427.0
Oracle knapsack,0,12495810846.0,90613408,0.0,0.0,0.8380077700742069,0.2216347665069394,2.985513856491193,36.38836624469137,57.07322071880443,0.2314157928148341,720.3181693788558,1069.167706298828,1450.2216796875,242026.90491129557,0.0,720.3181693788558,0.0,0,0.0,0.0,0.0,0.0,0.0,28408559,2.2734466254419803,0,0.0,62204849,28408559,2.2734466254419803,0.4689571415226926,4494.712698412698,6832.0,9355.0,0.0,,,1536,0,3831.79296875,24274,,,,,,,,,,,,,,,,,,,,
BALM-JIT (PMF),379097,12495810846.0,90613408,0.0303379272199332,0.0041836744513571,0.838007806321926,0.2216347665069394,2.985513856491193,36.38836624469137,57.07322071880443,0.2314256863945091,1535.8181170448424,1535.99267578125,1536.0001220703125,516034.88732706703,2.9923325083728525,1538.8104495532152,1005.4237228132783,24274,1.0,325682.0,0.0260632946524037,3.624771904086246e-05,1.1155292552878449,7640979,0.6114832477994762,5696208,0.7454814363447406,190912936,8020076,0.6418211750194094,0.999881586617736,11913.265439753955,12790.0,13109.0,2.013760341139892e-08,0.0557390150168552,0.376537039851987,1536,0,3831.79296875,24274,136149314.0,3838096.0,9654214.0,3032688.0,5211240.0,2560070.0,2831853.0,1450664.0,2980395.0,1744584.0,3015445.0,1945209.0,4693028.0,3406491.0,8155155.0,6334535.0,6933676.0,6043329.0,60535198.0,60073288.0
Planner-LRU,338034,12495810846.0,90613408,0.0270517859277781,0.0037305075204764,0.8380078036905624,0.2216347665069394,2.985513856491193,36.38836624469137,57.07322071880443,0.2314237373357089,1776.3963692831614,1791.9880432128907,1792.003662109375,596869.1800791422,2.6265566526132353,1779.0229259357748,882.5230352780471,24274,1.0,301718.0,0.0241455319481394,3.3616355533185396e-05,0.9946974422956956,629060,0.0503416711210354,562775,0.8946284933074746,228534204,967094,0.0773934570488135,0.9912926167874784,11913.265439753955,12790.0,13109.0,,,,1792,0,3831.79296875,24274,,,,,,,,,,,,,,,,,,,,
Planner-Popularity,1444424,12495810846.0,90613408,0.1155926588359306,0.0159405107023455,0.8380079252777206,0.2216347665069394,2.985513856491193,36.38836624469137,57.07322071880443,0.231450784842683,1777.3834488459995,1791.9835205078125,1792.0048828125,597200.8388122559,24.95413782707497,1802.3375866730744,8384.590309897188,24274,1.0,1261079.0,0.1009201416011895,0.0001552035136836,4.250356054096682,263861,0.0211159566395376,193601,0.7337234377191021,234493153,1708285,0.1367086154754682,0.9918434424363836,11913.265439753955,12790.0,13109.0,,,,1792,0,3831.79296875,24274,,,,,,,,,,,,,,,,,,,,
BALM-JIT (hazard),217370,12495810846.0,90613408,0.0173954297707364,0.002398872361141,0.8380077907993251,0.2216347665069394,2.985513856491193,36.38836624469137,57.07322071880443,0.2314210643350972,1777.4298882499577,1791.988525390625,1792.0,597216.4424519857,1.7014932291685707,1779.131381479126,571.7017250006397,24274,1.0,190255.0,0.0152255025579954,2.0725118219475247e-05,0.6396320578161231,2174625,0.1740283225154703,1931086,0.8880087371385871,227643105,2391995,0.1914237522862067,0.9918693572823424,11913.265439753955,12790.0,13109.0,3.3973942507725617e-10,0.0419508737234939,0.376537039851987,1792,0,3831.79296875,24274,126333158.0,1339640.0,10729434.0,1501642.0,5847803.0,1401955.0,3987502.0,1380652.0,3566325.0,1616925.0,3070959.0,1670869.0,4001094.0,2632111.0,8181063.0,6148281.0,7298982.0,6164452.0,67143198.0,66572427.0
Oracle knapsack,0,12495810846.0,90613408,0.0,0.0,0.8380077700742069,0.2216347665069394,2.985513856491193,36.38836624469137,57.07322071880443,0.2314157928148341,720.3181693788558,1069.167706298828,1450.2216796875,242026.90491129557,0.0,720.3181693788558,0.0,0,0.0,0.0,0.0,0.0,0.0,28408559,2.2734466254419803,0,0.0,62204849,28408559,2.2734466254419803,0.4019632641623079,4494.712698412698,6832.0,9355.0,0.0,,,1792,0,3831.79296875,24274,,,,,,,,,,,,,,,,,,,,
