policy,cold_events,total_invocations,active_app_minutes,cold_ratio_per_1k,cold_minute_ratio,mean_latency_s,p50_latency_s,p95_latency_s,p99_latency_s,p999_latency_s,slo_violation_rate,mean_prewarm_mem_gb,p95_prewarm_mem_gb,max_prewarm_mem_gb,gb_hours,mean_exec_mem_gb,mean_total_mem_gb,exec_gb_hours,apps_with_cold,apps_with_cold_share,cold_slo_events,cold_slo_per_1k,mean_cold_added_ms,cold_per_app_day,part,budget_gb,seed,full_warm_gb,n_apps,cold_median_s
BALM-JIT (full),2831252,12495810846.0,90613408,0.2265760929716941,0.031245398032044,0.8380079847727939,0.2216347665069394,2.985513856491193,36.38836624469137,57.07322071880443,0.231475553714036,1023.7432591847012,1023.9915771484376,1024.0006103515625,343977.73508605955,26.343514315547452,1050.0867735002485,8851.420810023943,24274,1.0,2141387.0,0.1713683910864794,0.0002146985871936,8.331230358172766,ablation,1024,0,3831.793,24274,
- no per-app gap model,13301729,12495810846.0,90613408,1.0644950667013322,0.1467964763007258,0.8380087225334102,0.2216347665069394,2.985513856491193,36.38836624469137,57.07322071880443,0.2316707723290634,1023.749649686662,1023.9921875,1024.001953125,343979.8822947184,113.80409172981504,1137.5537414164771,38238.17482121786,24274,1.0,8745689.0,0.6998896756507449,0.000952459203278,39.14161242481668,ablation,1024,0,3831.793,24274,
- no memory awareness,3156037,12495810846.0,90613408,0.2525676035669402,0.0348296909878944,0.8380080003610998,0.2216347665069394,2.985513856491193,36.38836624469137,57.07322071880443,0.2314808329480966,1023.7494528634209,1023.991943359375,1024.002197265625,343979.8161621094,25.375351962716216,1049.124804826137,8526.118259472649,24274,1.0,2296484.0,0.1837803107219025,0.0002302868927933,9.28694134817971,ablation,1024,0,3831.793,24274,
- coarse gap bins (<=15min),3121019,12495810846.0,90613408,0.2497652243991081,0.0344432360385341,0.8380080288160789,0.2216347665069394,2.985513856491193,36.38836624469137,57.07322071880443,0.2314819939323457,1023.7454561748202,1023.991455078125,1024.0003662109375,343978.4732747396,27.842414701280617,1051.5878708761009,9355.051339630289,24274,1.0,2494827.0,0.1996530701966101,0.0002587418722101,9.183897527042456,ablation,1024,0,3831.793,24274,
- no global prior,2807975,12495810846.0,90613408,0.224713308692477,0.0309885155185863,0.8380079829999075,0.2216347665069394,2.985513856491193,36.38836624469137,57.07322071880443,0.2314750284011837,1023.8514967570228,1023.9918212890624,1024.0009765625,344014.1029103597,26.114614087068254,1049.9661108440912,8774.510333254933,24274,1.0,2125653.0,0.1701092491073068,0.0002129257006652,8.26273555479702,ablation,1024,0,3831.793,24274,
BALM (season+momentum),15675467,12495810846.0,90613408,1.2544577693425818,0.1729927981519026,0.8380085205026406,0.2216347665069394,2.985513856491193,36.38836624469137,57.07322071880443,0.2315881294369413,1023.9087324959892,1023.991455078125,1024.0009765625,344033.33411865233,157.8824418399069,1181.791174335896,53048.50045820872,16974,0.6992667051165856,8280710.0,0.6626788851121826,0.0007504284336898,46.126563989689146,ablation,1024,0,3831.793,24274,
Planner-LRU,338034,12495810846.0,90613408,0.0270517859277781,0.0037305075204764,0.8380078036905624,0.2216347665069394,2.985513856491193,36.38836624469137,57.07322071880443,0.2314237373357089,1776.3963692831614,1791.9880432128907,1792.003662109375,596869.1800791422,2.6265566526132353,1779.0229259357748,882.5230352780471,24274,1.0,301718.0,0.0241455319481394,3.3616355533185396e-05,0.9946974422956956,bigbudget,1792,0,3831.79296875,24274,
Planner-Popularity,1444424,12495810846.0,90613408,0.1155926588359306,0.0159405107023455,0.8380079252777206,0.2216347665069394,2.985513856491193,36.38836624469137,57.07322071880443,0.231450784842683,1777.3834488459995,1791.9835205078125,1792.0048828125,597200.8388122559,24.95413782707497,1802.3375866730744,8384.590309897188,24274,1.0,1261079.0,0.1009201416011895,0.0001552035136836,4.250356054096682,bigbudget,1792,0,3831.79296875,24274,
BALM-JIT (ours),264946,12495810846.0,90613408,0.0212027857387751,0.0029239160721115,0.8380077954424302,0.2216347665069394,2.985513856491193,36.38836624469137,57.07322071880443,0.231422561563271,1776.259107120453,1791.989013671875,1792.00341796875,596823.0599924723,2.0761569494599597,1778.3352640699134,697.5887350185463,24274,1.0,229152.0,0.0183383057589538,2.536822332003004e-05,0.7796289975164491,bigbudget,1792,0,3831.79296875,24274,
Oracle knapsack,0,12495810846.0,90613408,0.0,0.0,0.8380077700742069,0.2216347665069394,2.985513856491193,36.38836624469137,57.07322071880443,0.2314157928148341,720.3181693788558,1069.167706298828,1450.2216796875,242026.90491129557,0.0,720.3181693788558,0.0,0,0.0,0.0,0.0,0.0,0.0,bigbudget,1792,0,3831.79296875,24274,
Planner-LRU,192790,12495810846.0,90613408,0.0154283705456147,0.0021276100773077,0.8380077892007458,0.2216347665069394,2.985513856491193,36.38836624469137,57.07322071880443,0.2314205905107031,1860.939362283737,2001.1899291992188,2047.9884033203125,625275.6257273356,1.4961387123494956,1862.4355009960864,502.70260734943054,24274,1.0,170524.0,0.0136464933809866,1.912653903794966e-05,0.5673030520604055,bigbudget,2048,0,3831.79296875,24274,
Planner-Popularity,184473,12495810846.0,90613408,0.0147627874872202,0.0020358245437584,0.8380077883859891,0.2216347665069394,2.985513856491193,36.38836624469137,57.07322071880443,0.2314203347721959,1862.0009679521831,2001.1899291992188,2047.935791015625,625632.3252319336,1.4329564483603463,1863.4339244005437,481.4733666490763,24274,1.0,164024.0,0.0131263190537575,1.831178219252853e-05,0.5428294824562436,bigbudget,2048,0,3831.79296875,24274,
BALM-JIT (ours),192787,12495810846.0,90613408,0.015428130465156,0.0021275769696246,0.838007789198672,0.2216347665069394,2.985513856491193,36.38836624469137,57.07322071880443,0.2314205918927663,1860.8047691012189,2001.1899291992188,2047.9853515625,625230.4024180095,1.496092589318915,1862.3008616905377,502.6871100111554,24274,1.0,170516.0,0.01364585316643,1.912446510174908e-05,0.5672942242728846,bigbudget,2048,0,3831.79296875,24274,
Oracle knapsack,0,12495810846.0,90613408,0.0,0.0,0.8380077700742069,0.2216347665069394,2.985513856491193,36.38836624469137,57.07322071880443,0.2314157928148341,720.3181693788558,1069.167706298828,1450.2216796875,242026.90491129557,0.0,720.3181693788558,0.0,0,0.0,0.0,0.0,0.0,0.0,bigbudget,2048,0,3831.79296875,24274,
Planner-LRU,8545322,206386695.0,10951107,41.40442289654379,0.7803158164740789,2.686611010797604,0.2707156505526014,23.20025366154826,57.07322071880443,57.07322071880443,0.3046642862067728,127.89046329222028,127.9923252105713,128.00006103515625,42971.19566618602,64.89817431332573,192.788637605546,21805.786569277447,15655,1.0,7002174.0,33.92744866620399,0.0511150287878847,38.989469361682715,lowfreq,128,0,2473.52978515625,15655,
Planner-Popularity,9222213,206386695.0,10951107,44.684144973589504,0.8421260973890585,2.686614995022485,0.2707156505526014,23.20025366154826,57.07322071880443,57.07322071880443,0.3056833457931277,127.91632238304804,127.992622756958,128.00010681152344,42979.88432070414,70.68660348594662,198.60292586899465,23750.698771278065,15655,1.0,7526999.0,36.47036937143647,0.0550992536680664,42.07789843500479,lowfreq,128,0,2473.52978515625,15655,
BALM-JIT (ours),4258231,206386695.0,10951107,20.63229415055074,0.3888402332293895,2.6865786606944795,0.2707156505526014,23.20025366154826,57.07322071880443,57.07322071880443,0.2947117063952401,127.88969269915232,127.99226417541504,128.00001525878906,42970.936746915184,35.386158518648394,163.27585121780072,11889.74926226586,15655,1.0,3188591.0,15.449595721274571,0.0187649256627747,19.428895378017067,lowfreq,128,0,2473.52978515625,15655,
Oracle knapsack,3481288,206386695.0,10951107,16.867792761544052,0.3178937070014931,2.6865722795484133,0.2707156505526014,23.20025366154826,57.07322071880443,57.07322071880443,0.2930644902784427,55.540373070609,127.96385383605956,128.0000457763672,18661.565351724625,28.42237509924268,83.96274816985168,9549.91803334554,10068,0.6431172149473012,2345469.0,11.364438972192469,0.0123837795968659,15.883962221106902,lowfreq,128,0,2473.52978515625,15655,
TTL-20m,938717,206386695.0,10951107,4.548340676708835,0.0857189140787319,2.6865655684502627,0.2575102346003887,23.20025366154826,57.07322071880443,57.07322071880443,0.2911862828610237,582.6522157956683,742.8914154052734,804.63525390625,195771.14450734455,7.165747468571164,589.8179632642394,2407.691149439911,15655,1.0,860200.0,4.167904331236081,0.0056726814460779,4.283054250125473,lowfreq,128,0,2473.52978515625,15655,
Planner-LRU,5574002,206386695.0,10951107,27.00756461069353,0.5089898217595719,2.6865934128587012,0.2707156505526014,23.20025366154826,57.07322071880443,57.07322071880443,0.2990304839265542,255.85052649653147,255.9920654296875,256.0001220703125,85965.77690283458,43.233012358726015,299.0835388552575,14526.292152531942,15655,1.0,4739985.0,22.966524077533197,0.0335170898845928,25.432321941871606,lowfreq,256,0,2473.52978515625,15655,
Planner-Popularity,7443257,206386695.0,10951107,36.064616471522065,0.6796807847827622,2.686604447553314,0.2707156505526014,23.20025366154826,57.07322071880443,57.07322071880443,0.3028130550466509,255.91539836156937,255.99337768554688,256.0002136230469,85987.57384948731,58.715032281702946,314.63043064327235,19728.25084665219,15655,1.0,6008433.0,29.112501656175073,0.0445517844974948,33.96111237851896,lowfreq,256,0,2473.52978515625,15655,
BALM-JIT (ours),1429912,206386695.0,10951107,6.9283148315350465,0.1305723704462023,2.68656670860154,0.2575102346003887,23.20025366154826,57.07322071880443,57.07322071880443,0.2917279152582936,255.8460562125085,255.99223403930665,256.0000915527344,85964.27488740285,12.403946845586752,268.2500030580953,4167.726140117148,15655,1.0,1168558.0,5.661983201000433,0.0068128327237384,6.524214080394215,lowfreq,256,0,2473.52978515625,15655,
Oracle knapsack,771680,206386695.0,10951107,3.739000714169099,0.0704659355442331,2.68656220580434,0.2575102346003887,23.20025366154826,57.07322071880443,57.07322071880443,0.2905041344795027,76.93737392647871,255.90918426513673,255.99984741210935,25850.95763929685,7.025374425294262,83.96274835177297,2360.525806898872,5866,0.3747045672309166,532430.0,2.57976901078822,0.0023100355236987,3.5209198339188754,lowfreq,256,0,2473.52978515625,15655,
TTL-20m,938717,206386695.0,10951107,4.548340676708835,0.0857189140787319,2.6865655684502627,0.2575102346003887,23.20025366154826,57.07322071880443,57.07322071880443,0.2911862828610237,582.6522157956683,742.8914154052734,804.63525390625,195771.14450734455,7.165747468571164,589.8179632642394,2407.691149439911,15655,1.0,860200.0,4.167904331236081,0.0056726814460779,4.283054250125473,lowfreq,256,0,2473.52978515625,15655,
Planner-LRU,1572722,206386695.0,10951107,7.620268351116335,0.1436130612183772,2.6865693963916986,0.2575102346003887,23.20025366154826,57.07322071880443,57.07322071880443,0.292237951042672,511.6932828292014,511.9920043945313,512.0007934570312,171928.94303061167,12.251492847714369,523.9447756769158,4116.501596832027,15655,1.0,1413109.0,6.846899699614842,0.0095006228824045,7.1758087329470275,lowfreq,512,0,2473.52978515625,15655,
Planner-Popularity,3548456,206386695.0,10951107,17.193240097187466,0.3240271508624653,2.68658193465676,0.2707156505526014,23.20025366154826,57.07322071880443,57.07322071880443,0.2958266749260413,511.8978879292806,511.9929504394531,512.0009765625,171997.69034423828,33.850985329834714,545.7488732591153,11373.931070824465,15655,1.0,3006064.0,14.565202471021692,0.0220388879432972,16.190427522014875,lowfreq,512,0,2473.52978515625,15655,
BALM-JIT (ours),361773,206386695.0,10951107,1.7528891578984778,0.0330352904048878,2.686561965260824,0.2575102346003887,23.20025366154826,57.07322071880443,57.07322071880443,0.2905481108602453,511.697415089418,511.9925231933594,512.000732421875,171930.33147004445,2.887901645538116,514.5853167349561,970.334952900807,15655,1.0,315678.0,1.5295462723505504,0.0020694920070852,1.650650180225396,lowfreq,512,0,2473.52978515625,15655,
Oracle knapsack,5556,206386695.0,10951107,0.026920339995754,0.0005073459696814,2.6865599069504498,0.2575102346003887,23.20025366154826,57.07322071880443,57.07322071880443,0.2900096393753235,83.88896059833822,281.8096954345703,511.9955749511719,28186.69076104164,0.0737877162084693,83.96274831454669,24.792672646045684,430,0.0274672628553177,3815.0,0.0184847186975885,1.118163325117136e-05,0.025350184788064,lowfreq,512,0,2473.52978515625,15655,
TTL-20m,938717,206386695.0,10951107,4.548340676708835,0.0857189140787319,2.6865655684502627,0.2575102346003887,23.20025366154826,57.07322071880443,57.07322071880443,0.2911862828610237,582.6522157956683,742.8914154052734,804.63525390625,195771.14450734455,7.165747468571164,589.8179632642394,2407.691149439911,15655,1.0,860200.0,4.167904331236081,0.0056726814460779,4.283054250125473,lowfreq,512,0,2473.52978515625,15655,
Planner-LRU,16595771,12495810846.0,90613408,1.3281067715035415,0.18314917589238,0.8380081744088494,0.2216347665069394,2.985513856491193,36.38836624469137,57.07322071880443,0.2314884563943182,1023.7515703625148,1023.9915771484376,1024.0009765625,343980.527641805,123.97276123979736,1147.7243316023123,41654.84777657191,24274,1.0,6620387.0,0.5298085159571084,0.0004043346424485,48.834646711943414,coldpen,1024,0,3831.79296875,24274,0.25
BALM-JIT (ours),2782757,12495810846.0,90613408,0.2226951923564672,0.0307102123341393,0.8380078250001383,0.2216347665069394,2.985513856491193,36.38836624469137,57.07322071880443,0.2314259598285851,1023.7421067949324,1023.991455078125,1024.0009765625,343977.3478830973,26.104347414122746,1049.8464542090553,8771.060731145242,24274,1.0,1424399.0,0.1139901217739672,5.492593142675199e-05,8.188529172895162,coldpen,1024,0,3831.79296875,24274,0.25
TTL-20m,1009201,12495810846.0,90613408,0.0807631463406036,0.0111374356430783,0.838007795495989,0.2216347665069394,2.985513856491193,36.38836624469137,57.07322071880443,0.2314207096682366,1552.8695860847597,1723.9231567382812,1801.6561279296875,521764.1809244791,7.727112807596605,1560.596698892356,2596.309903352459,24274,1.0,702644.0,0.056230364612547,2.5421782165775785e-05,2.9696706646735485,coldpen,1024,0,3831.79296875,24274,0.25
Planner-LRU,16595771,12495810846.0,90613408,1.3281067715035415,0.18314917589238,0.8380085756692713,0.2216347665069394,2.985513856491193,36.38836624469137,57.07322071880443,0.2316308407619142,1023.7515703625148,1023.9915771484376,1024.0009765625,343980.527641805,123.97276123979736,1147.7243316023123,41654.84777657191,24274,1.0,8707035.0,0.6967963189669428,0.0008055950644555,48.834646711943414,coldpen,1024,0,3831.79296875,24274,0.5
BALM-JIT (ours),2825838,12495810846.0,90613408,0.2261428277705221,0.0311856496998766,0.8380078775826117,0.2216347665069394,2.985513856491193,36.38836624469137,57.07322071880443,0.2314415019325015,1023.742932425605,1023.9912109375,1024.0008544921875,343977.62529500324,26.31824803195657,1050.0611804575617,8842.931338737408,24274,1.0,1669036.0,0.1335676428340199,0.0001075084048426,8.31529914429313,coldpen,1024,0,3831.79296875,24274,0.5
TTL-20m,1009201,12495810846.0,90613408,0.0807631463406036,0.0111374356430783,0.8380078206880813,0.2216347665069394,2.985513856491193,36.38836624469137,57.07322071880443,0.2314272647226568,1552.8695860847597,1723.9231567382812,1801.6561279296875,521764.1809244791,7.727112807596605,1560.596698892356,2596.309903352459,24274,1.0,795407.0,0.0636538924766627,5.061387434470227e-05,2.9696706646735485,coldpen,1024,0,3831.79296875,24274,0.5
Planner-LRU,16595771,12495810846.0,90613408,1.3281067715035415,0.18314917589238,0.838009381044736,0.2216347665069394,2.985513856491193,36.38836624469137,57.07322071880443,0.2319311479382045,1023.7515703625148,1023.9915771484376,1024.0009765625,343980.527641805,123.97276123979736,1147.7243316023123,41654.84777657191,24274,1.0,12804786.0,1.024726298901916,0.0016109705290073,48.834646711943414,coldpen,1024,0,3831.79296875,24274,1.0
BALM-JIT (ours),2831252,12495810846.0,90613408,0.2265760929716941,0.031245398032044,0.8380079847727939,0.2216347665069394,2.985513856491193,36.38836624469137,57.07322071880443,0.231475553714036,1023.7432591847012,1023.9915771484376,1024.0006103515625,343977.73508605955,26.343514315547452,1050.0867735002485,8851.420810023943,24274,1.0,2141387.0,0.1713683910864794,0.0002146985871936,8.331230358172766,coldpen,1024,0,3831.79296875,24274,1.0
TTL-20m,1009201,12495810846.0,90613408,0.0807631463406036,0.0111374356430783,0.83800787128188,0.2216347665069394,2.985513856491193,36.38836624469137,57.07322071880443,0.2314371861988728,1552.8695860847597,1723.9231567382812,1801.6561279296875,521764.1809244791,7.727112807596605,1560.596698892356,2596.309903352459,24274,1.0,915260.0,0.0732453468830301,0.0001012076730766,2.9696706646735485,coldpen,1024,0,3831.79296875,24274,1.0
Planner-LRU,16595771,12495810846.0,90613408,1.3281067715035415,0.18314917589238,0.8380109919319086,0.2216347665069394,3.1386143822518155,36.38836624469137,57.07322071880443,0.2321930549755111,1023.7515703625148,1023.9915771484376,1024.0009765625,343980.527641805,123.97276123979736,1147.7243316023123,41654.84777657191,24274,1.0,15882702.0,1.2710421272969388,0.0032218577017371,48.834646711943414,coldpen,1024,0,3831.79296875,24274,2.0
BALM-JIT (ours),2831736,12495810846.0,90613408,0.2266148259523678,0.0312507394049233,0.8380081993949733,0.2216347665069394,2.985513856491193,36.38836624469137,57.07322071880443,0.2315153939186451,1023.7431604567028,1023.9913330078124,1024.0006103515625,343977.7019134521,26.347890556497234,1050.0910510132,8852.89122698307,24274,1.0,2616476.0,0.2093882527709318,0.0004293207664351,8.332654574559493,coldpen,1024,0,3831.79296875,24274,2.0
TTL-20m,1009201,12495810846.0,90613408,0.0807631463406036,0.0111374356430783,0.8380079724592037,0.2216347665069394,2.985513856491193,36.38836624469137,57.07322071880443,0.231444286943369,1552.8695860847597,1723.9231567382812,1801.6561279296875,521764.1809244791,7.727112807596605,1560.596698892356,2596.309903352459,24274,1.0,990807.0,0.0792911330213648,0.0002023849967421,2.9696706646735485,coldpen,1024,0,3831.79296875,24274,2.0
Planner-LRU,16595771,12495810846.0,90613408,1.3281067715035415,0.18314917589238,0.8380141423323341,0.2216347665069394,3.1386143822518155,36.38836624469137,57.07322071880443,0.2322567235890427,1023.7515703625148,1023.9915771484376,1024.0009765625,343980.527641805,123.97276123979736,1147.7243316023123,41654.84777657191,24274,1.0,16546898.0,1.324195620750516,0.0063722581271058,48.834646711943414,coldpen,1024,0,3831.79296875,24274,4.0
BALM-JIT (ours),2829145,12495810846.0,90613408,0.2264074764628523,0.0312221454025876,0.8380086253312745,0.2216347665069394,2.985513856491193,36.38836624469137,57.07322071880443,0.2315324710649748,1023.7435911118038,1023.9913940429688,1024.001220703125,343977.8466135661,26.324231157516913,1050.067822269321,8844.941668925683,24274,1.0,2798722.0,0.2239728205309615,0.0008552570675235,8.325030308737157,coldpen,1024,0,3831.79296875,24274,4.0
TTL-20m,1009201,12495810846.0,90613408,0.0807631463406036,0.0111374356430783,0.8380081692989501,0.2216347665069394,2.985513856491193,36.38836624469137,57.07322071880443,0.2314459465387537,1552.8695860847597,1723.9231567382812,1801.6561279296875,521764.1809244791,7.727112807596605,1560.596698892356,2596.309903352459,24274,1.0,1008580.0,0.0807134496856483,0.0003992247431328,2.9696706646735485,coldpen,1024,0,3831.79296875,24274,4.0
Scale-to-zero,90613408,12495810846.0,90613408,7.251502852974604,1.0,0.838016700240906,0.22163476650693947,3.1386143822518155,36.38836624469137,57.07322071880443,0.23459807429013393,0.0,0.0,0.0,0.0,720.3181693788558,720.3181693788558,242026.90491129557,24274,1.0,68067732.0,5.447244107555371,0.008930166699222178,266.6386374604221,seeds,-1,1,3831.79296875,24274,
TTL-1m,28408559,12495810846.0,90613408,2.2734466254419803,0.31351385658069497,0.8380105047781712,0.22163476650693947,3.1386143822518155,36.38836624469137,57.07322071880443,0.23232870583239318,720.2892229837084,1069.1677062988279,1450.2216796875,242017.17892252604,212.1742453858966,932.463468369605,71290.54644966125,24274,1.0,21603969.0,1.7288969292389367,0.0027347039642783002,83.5949075436387,seeds,-1,1,3831.79296875,24274,
TTL-5m,4049058,12495810846.0,90613408,0.3240332340094707,0.044684976422032376,0.8380081635792602,0.22163476650693947,2.985513856491193,36.38836624469137,57.07322071880443,0.2315181162925016,1297.6705992078025,1517.0682128906249,1653.083740234375,436017.32133382163,32.68018385907487,1330.3507830668773,10980.541776649157,24274,1.0,3580803.0,0.28656027560998504,0.00039350505331467174,11.9147412281218,seeds,-1,1,3831.79296875,24274,
TTL-20m,1009201,12495810846.0,90613408,0.08076314634060362,0.01113743564307834,0.8380078673073268,0.22163476650693947,2.985513856491193,36.38836624469137,57.07322071880443,0.2314375934921722,1552.8695860847595,1723.9231567382812,1801.6561279296875,521764.18092447915,7.727112807596605,1560.596698892356,2596.309903352459,24274,1.0,921159.0,0.0737174250916954,9.723311988209795e-05,2.9696706646735485,seeds,-1,1,3831.79296875,24274,
TTL-60m,271740,12495810846.0,90613408,0.021746487950958855,0.0029988939385217693,0.8380077965555554,0.22163476650693947,2.985513856491193,36.38836624469137,57.07322071880443,0.23142252787037731,1761.229388881865,1883.2857116699217,1934.23486328125,591773.0746643066,2.1131601246328846,1763.3425490064978,710.0218018766493,24274,1.0,242322.0,0.019392258972739575,2.64813484319426e-05,0.7996209936557633,seeds,-1,1,3831.79296875,24274,
Historic-TTL,6464984,12495810846.0,90613408,0.5173721081148959,0.07134688058526614,0.8380084051552562,0.22163476650693947,2.985513856491193,36.38836624469137,57.07322071880443,0.23161411937157567,1476.1833256978837,1562.2218994140626,1667.09130859375,495997.59743448894,54.34929751394287,1530.5326232118266,18261.363964684806,24274,1.0,5260485.0,0.42097988396518654,0.0006350810493776047,19.02383502630681,seeds,-1,1,3831.79296875,24274,
Planner-LRU,16595771,12495810846.0,90613408,1.3281067715035417,0.18314917589238008,0.838009360473088,0.22163476650693947,2.985513856491193,36.38836624469137,57.07322071880443,0.2319341742195568,1023.7515703625149,1023.9915771484375,1024.0009765625,343980.527641805,123.97276123979735,1147.7243316023123,41654.84777657191,24274,1.0,12842907.0,1.0277770012908853,0.0015903988811749278,48.834646711943414,seeds,1024,1,3831.79296875,24274,
Planner-Popularity,25227914,12495810846.0,90613408,2.0189097218989707,0.2784125943039246,0.8380102633753981,0.22163476650693947,3.1386143822518155,36.38836624469137,57.07322071880443,0.23221616421031774,1023.8830011065044,1023.9938354492188,1024.00146484375,344024.6883717855,229.42029126523033,1253.3032923717346,77085.21786511739,24274,1.0,19693630.0,1.576018574761323,0.0024933011911996285,74.23555479701974,seeds,1024,1,3831.79296875,24274,
BALM-JIT (ours),2828786,12495810846.0,90613408,0.22637874683462536,0.031218183516505637,0.8380079834181904,0.22163476650693947,2.985513856491193,36.38836624469137,57.07322071880443,0.2314767972307796,1023.743555741083,1023.9918823242188,1024.001220703125,343977.8347290039,26.291581557286047,1050.0351372983691,8833.971403248112,24274,1.0,2170380.0,0.17368860866637995,0.00021334398352210106,8.323973916830472,seeds,1024,1,3831.79296875,24274,
Oracle knapsack,897436,12495810846.0,90613408,0.07181894885094839,0.009904008907820795,0.8380078068869301,0.22163476650693947,2.985513856491193,36.38836624469137,57.07322071880443,0.23142312030335327,710.3676992446657,1023.8590759277344,1024.0,238683.54694620767,9.950470285809466,720.3181695304752,3343.3580160319807,4372,0.1801104061959298,492524.0,0.03941512928371996,3.681272328520316e-05,2.6407914405772197,seeds,1024,1,3831.79296875,24274,
Planner-LRU,1306979,12495810846.0,90613408,0.10459337261962263,0.014423682199437859,0.8380078964336564,0.22163476650693947,2.985513856491193,36.38836624469137,57.07322071880443,0.23144666690338242,1535.3837173855493,1535.9913391113282,1536.0037841796875,515888.9290415446,10.20055261333473,1545.584269998884,3427.3856780804695,24274,1.0,1168117.0,0.09348068839997868,0.0001263594495472372,3.8459109688202546,seeds,1536,1,3831.79296875,24274,
Planner-Popularity,5991460,12495810846.0,90613408,0.4794774884030763,0.06612111973539281,0.8380083874376744,0.22163476650693947,2.985513856491193,36.38836624469137,57.07322071880443,0.23158968161746274,1535.8094622717963,1535.99169921875,1536.004150390625,516031.9793233236,79.30838714774166,1615.1178494195378,26647.618081641198,24274,1.0,5007909.0,0.4007670299845382,0.0006173634674538165,17.63044527360256,seeds,1536,1,3831.79296875,24274,
BALM-JIT (ours),385957,12495810846.0,90613408,0.03088691120220883,0.004259380686796373,0.8380078066335183,0.22163476650693947,2.985513856491193,36.38836624469137,57.07322071880443,0.23142613425020175,1535.3715426581246,1535.992919921875,1536.003662109375,515884.8383331299,3.0457624891905914,1538.4173051473151,1023.3761963680387,24274,1.0,333557.0,0.026693505856546635,3.655931142115886e-05,1.1357154627526218,seeds,1536,1,3831.79296875,24274,
Oracle knapsack,0,12495810846.0,90613408,0.0,0.0,0.8380077700742069,0.22163476650693947,2.985513856491193,36.38836624469137,57.07322071880443,0.23141579281483418,720.3181693788558,1069.1677062988279,1450.2216796875,242026.90491129557,0.0,720.3181693788558,0.0,0,0.0,0.0,0.0,0.0,0.0,seeds,1536,1,3831.79296875,24274,
Scale-to-zero,90613408,12495810846.0,90613408,7.251502852974604,1.0,0.8380167470427369,0.22163476650693947,3.1386143822518155,36.38836624469137,57.07322071880443,0.23460790834464446,0.0,0.0,0.0,0.0,720.3181693788558,720.3181693788558,242026.90491129557,24274,1.0,68032873.0,5.4444544526518515,0.008976968530004872,266.6386374604221,seeds,-1,2,3831.79296875,24274,
TTL-1m,28408559,12495810846.0,90613408,2.2734466254419803,0.31351385658069497,0.838010556166046,0.22163476650693947,3.1386143822518155,36.38836624469137,57.07322071880443,0.23235324299730412,720.2892229837084,1069.1677062988279,1450.2216796875,242017.17892252604,212.1742453858966,932.463468369605,71290.54644966125,24274,1.0,22007215.0,1.7611674241247555,0.0027860918391068314,83.5949075436387,seeds,-1,2,3831.79296875,24274,
TTL-5m,4049058,12495810846.0,90613408,0.3240332340094707,0.044684976422032376,0.83800817655441,0.22163476650693947,2.985513856491193,36.38836624469137,57.07322071880443,0.23151936174109175,1297.6705992078025,1517.0682128906249,1653.083740234375,436017.32133382163,32.68018385907487,1330.3507830668773,10980.541776649157,24274,1.0,3583709.0,0.28679283354766616,0.0004064802030858062,11.9147412281218,seeds,-1,2,3831.79296875,24274,
TTL-20m,1009201,12495810846.0,90613408,0.08076314634060362,0.01113743564307834,0.838007869536793,0.22163476650693947,2.985513856491193,36.38836624469137,57.07322071880443,0.23143741002108462,1552.8695860847595,1723.9231567382812,1801.6561279296875,521764.18092447915,7.727112807596605,1560.596698892356,2596.309903352459,24274,1.0,916692.0,0.07335994528865966,9.946258603481145e-05,2.9696706646735485,seeds,-1,2,3831.79296875,24274,
TTL-60m,271740,12495810846.0,90613408,0.021746487950958855,0.0029988939385217693,0.8380077967731319,0.22163476650693947,2.985513856491193,36.38836624469137,57.07322071880443,0.23142247554724177,1761.229388881865,1883.2857116699217,1934.23486328125,591773.0746643066,2.1131601246328846,1763.3425490064978,710.0218018766493,24274,1.0,241640.0,0.019337680681790308,2.669892497419179e-05,0.7996209936557633,seeds,-1,2,3831.79296875,24274,
Historic-TTL,6464984,12495810846.0,90613408,0.5173721081148959,0.07134688058526614,0.8380084233373857,0.22163476650693947,2.985513856491193,36.38836624469137,57.07322071880443,0.2316214477467825,1476.1833256978837,1562.2218994140626,1667.09130859375,495997.59743448894,54.34929751394287,1530.5326232118266,18261.363964684806,24274,1.0,5321488.0,0.4258617600396414,0.0006532631788710631,19.02383502630681,seeds,-1,2,3831.79296875,24274,
Planner-LRU,16595771,12495810846.0,90613408,1.3281067715035417,0.18314917589238008,0.8380094169533349,0.22163476650693947,2.985513856491193,36.38836624469137,57.07322071880443,0.23195045001498477,1023.7515703625149,1023.9915771484375,1024.0009765625,343980.527641805,123.97276123979735,1147.7243316023123,41654.84777657191,24274,1.0,13101551.0,1.048475458012707,0.0016468791279062932,48.834646711943414,seeds,1024,2,3831.79296875,24274,
Planner-Popularity,25227914,12495810846.0,90613408,2.0189097218989707,0.2784125943039246,0.838010307672716,0.22163476650693947,3.1386143822518155,36.38836624469137,57.07322071880443,0.23222970623895897,1023.8830011065044,1023.9938354492188,1024.00146484375,344024.6883717855,229.42029126523033,1253.3032923717346,77085.21786511739,24274,1.0,19843821.0,1.5880378828199173,0.002537598509011149,74.23555479701974,seeds,1024,2,3831.79296875,24274,
BALM-JIT (ours),2833518,12495810846.0,90613408,0.22675743374484816,0.03127040536870658,0.838007987634886,0.22163476650693947,2.985513856491193,36.38836624469137,57.07322071880443,0.2314780769804624,1023.7415459738837,1023.990966796875,1024.0009765625,343977.1594472249,26.369136411115704,1050.1106823849993,8860.029834134877,24274,1.0,2172509.0,0.17385898576525236,0.00021756067910082272,8.337898280346991,seeds,1024,2,3831.79296875,24274,
Oracle knapsack,897657,12495810846.0,90613408,0.07183663477807417,0.009906447840478531,0.8380078068583661,0.22163476650693947,2.985513856491193,36.38836624469137,57.07322071880443,0.23142342267428823,710.3680031791566,1023.858642578125,1024.000244140625,238683.64906819662,9.950166397184015,720.3181695763407,3343.255909453829,4336,0.17862733789239515,470133.0,0.0376232487666451,3.6784159092746774e-05,2.641441754257936,seeds,1024,2,3831.79296875,24274,
Planner-LRU,1306979,12495810846.0,90613408,0.10459337261962263,0.014423682199437859,0.8380078997606357,0.22163476650693947,2.985513856491193,36.38836624469137,57.07322071880443,0.23144685286970534,1535.3837173855493,1535.9913391113282,1536.0037841796875,515888.9290415446,10.20055261333473,1545.584269998884,3427.3856780804695,24274,1.0,1164948.0,0.09322708340874962,0.00012968642886133732,3.8459109688202546,seeds,1536,2,3831.79296875,24274,
Planner-Popularity,5991460,12495810846.0,90613408,0.4794774884030763,0.06612111973539281,0.8380083880212679,0.22163476650693947,2.985513856491193,36.38836624469137,57.07322071880443,0.23158435584782414,1535.8094622717963,1535.99169921875,1536.004150390625,516031.9793233236,79.30838714774166,1615.1178494195378,26647.618081641198,24274,1.0,4977715.0,0.3983507001943298,0.0006179470608416768,17.63044527360256,seeds,1536,2,3831.79296875,24274,
BALM-JIT (ours),385756,12495810846.0,90613408,0.030870825811474514,0.004257162472026215,0.8380078070751927,0.22163476650693947,2.985513856491193,36.38836624469137,57.07322071880443,0.23142611298387378,1535.3696410254827,1535.991943359375,1536.00390625,515884.19938456215,3.0445752399840527,1538.4142162654666,1022.9772806346416,24274,1.0,333138.0,0.026659974619145255,3.700098588690522e-05,1.1351240009887122,seeds,1536,2,3831.79296875,24274,
Oracle knapsack,0,12495810846.0,90613408,0.0,0.0,0.8380077700742069,0.22163476650693947,2.985513856491193,36.38836624469137,57.07322071880443,0.23141579281483418,720.3181693788558,1069.1677062988279,1450.2216796875,242026.90491129557,0.0,720.3181693788558,0.0,0,0.0,0.0,0.0,0.0,0.0,seeds,1536,2,3831.79296875,24274,
